epoch,accuracy,f1_score,loss,lr,val_accuracy,val_f1_score,val_loss
0,0.3233242332935333,0.27259811758995056,1.5791569948196411,5e-05,0.30534350872039795,0.0,1.1729172468185425
